{
  "hash": "ca7e1828",
  "configHash": "d26e7388",
  "lockfileHash": "b350500d",
  "browserHash": "b0f02a1c",
  "optimized": {
    "@angular/core": {
      "src": "../../../../../node_modules/@angular/core/fesm2022/core.mjs",
      "file": "@angular_core.js",
      "fileHash": "b79f9960",
      "needsInterop": false
    },
    "@angular/forms": {
      "src": "../../../../../node_modules/@angular/forms/fesm2022/forms.mjs",
      "file": "@angular_forms.js",
      "fileHash": "104c83a6",
      "needsInterop": false
    },
    "@angular/platform-browser": {
      "src": "../../../../../node_modules/@angular/platform-browser/fesm2022/platform-browser.mjs",
      "file": "@angular_platform-browser.js",
      "fileHash": "e782a822",
      "needsInterop": false
    },
    "@angular/router": {
      "src": "../../../../../node_modules/@angular/router/fesm2022/router.mjs",
      "file": "@angular_router.js",
      "fileHash": "f7148c27",
      "needsInterop": false
    }
  },
  "chunks": {
    "chunk-PTXWJ42I": {
      "file": "chunk-PTXWJ42I.js"
    },
    "chunk-OT3MA4XP": {
      "file": "chunk-OT3MA4XP.js"
    },
    "chunk-BCSCV6X3": {
      "file": "chunk-BCSCV6X3.js"
    }
  }
}